avg_outflow,avg_inflow,total_grid,Am,BOD,COD,TN,T,TM,Tm,SLP,H,PP,VV,V,VM,VG,year,month,day
2.941,2.589,175856,27.0,365.0,730.0,60.378,19.3,25.1,12.6,0.0,56,1.52,10.0,26.9,53.5,79.5,2014,1,1
2.936,2.961,181624,25.0,370.0,740.0,60.026,17.1,23.6,12.3,0.0,63,0.0,10.0,14.4,27.8,0.0,2014,1,2
2.928,3.225,202016,42.0,418.0,836.0,64.522,16.8,27.2,8.8,0.0,47,0.25,10.0,31.9,61.1,77.8,2014,1,5
2.928,3.354,207547,36.0,430.0,850.0,63.0,14.6,19.9,11.1,0.0,49,0.0,10.0,27.0,38.9,53.5,2014,1,6
2.917,3.794,202824,46.0,508.0,1016.0,65.59,13.4,19.1,8.0,0.0,65,0.0,10.0,20.6,35.2,53.5,2014,1,7
2.912,3.75,247691,40.0,410.0,820.0,61.786,18.9,27.3,7.7,0.0,52,0.0,0.0,15.6,31.7,0.0,2014,1,8
2.355,3.507,224706,51.0,555.0,1110.0,68.82,25.9,32.4,12.1,0.0,39,0.0,0.0,26.7,46.5,59.4,2014,1,9
2.366,3.188,212440,41.0,365.0,730.0,62.218,17.7,24.6,13.0,0.0,69,0.0,9.8,13.1,25.9,0.0,2014,1,12
3.923,3.378,202676,26.0,355.0,710.0,61.433,26.4,36.0,12.7,0.0,44,0.0,0.0,19.8,51.9,64.8,2014,1,13
3.912,3.425,202411,42.0,530.0,830.0,66.354,35.5,43.5,28.5,0.0,20,0.0,0.0,27.8,57.6,72.2,2014,1,14
2.971,3.775,171123,47.0,435.0,870.0,65.531,32.1,42.9,23.7,0.0,29,0.0,0.0,18.0,35.2,0.0,2014,1,15
3.833,3.763,193509,43.0,295.0,590.0,59.548,33.9,43.1,23.7,0.0,24,0.0,0.0,19.3,46.5,0.0,2014,1,16
2.984,3.487,205761,38.0,600.0,1200.0,68.82,19.2,23.1,15.2,0.0,64,0.0,10.0,24.8,31.7,0.0,2014,1,19
3.236,3.604,184108,38.0,465.0,930.0,64.568,18.4,24.7,15.8,0.0,66,0.0,10.0,25.6,35.2,0.0,2014,1,20
2.95,3.6,200044,38.0,505.5,1011.0,65.59,17.6,22.6,14.0,0.0,61,0.0,10.0,25.0,37.0,46.5,2014,1,21
2.935,3.481,173825,47.0,470.0,980.0,76.0,16.3,23.4,10.0,0.0,59,0.0,0.0,17.4,29.4,0.0,2014,1,22
2.937,3.623,230632,39.0,431.0,862.0,64.847,23.6,33.7,10.2,0.0,52,1.52,8.5,14.8,27.8,46.5,2014,1,23
3.308,3.785,236472,45.0,380.0,760.0,62.09,16.3,22.8,12.8,0.0,72,4.32,10.0,21.9,31.7,0.0,2014,1,24
2.933,3.596,214057,36.0,345.0,690.0,63.227,29.3,35.5,16.7,0.0,26,0.0,0.0,32.6,48.2,66.5,2014,1,27
2.94,3.642,204062,29.0,286.5,573.0,54.63,27.2,42.1,17.6,0.0,34,0.0,10.0,25.7,51.9,70.6,2014,1,28
3.427,3.519,245524,31.0,360.0,720.0,61.496,17.7,23.7,13.0,0.0,64,0.0,10.0,20.2,33.5,46.5,2014,1,29
2.98,3.541,230113,38.0,380.0,840.0,65.374,22.6,31.1,12.9,0.0,55,0.0,8.0,13.3,22.2,0.0,2014,1,30
2.997,3.526,214635,43.0,344.0,688.0,63.521,31.7,40.5,23.0,0.0,23,0.0,0.0,15.6,33.5,46.5,2014,2,2
2.978,3.542,210017,44.0,390.5,781.0,62.569,19.2,0.0,13.8,0.0,56,0.51,10.0,29.6,38.9,57.6,2014,2,3
2.983,3.332,201393,35.0,391.5,783.0,62.218,17.7,25.0,10.8,0.0,54,0.0,10.0,25.7,44.6,59.4,2014,2,4
2.989,3.249,201578,48.0,270.0,740.0,55.0,22.5,30.9,10.6,0.0,42,0.0,0.0,20.0,51.9,0.0,2014,2,5
2.991,3.408,190528,46.0,385.0,770.0,63.38,28.7,35.3,14.2,0.0,27,0.0,0.0,29.8,51.9,59.4,2014,2,6
2.989,3.498,177913,41.0,377.5,755.0,62.371,21.8,0.0,13.0,0.0,36,0.0,10.0,25.4,57.6,79.5,2014,2,9
2.967,3.488,174894,34.0,435.5,871.0,64.366,17.6,23.7,12.0,0.0,61,0.0,9.7,20.6,31.7,0.0,2014,2,10
2.965,3.448,196915,36.0,320.0,871.0,64.301,20.1,27.3,11.9,0.0,68,0.0,6.4,14.8,20.6,0.0,2014,2,11
3.625,3.426,164381,35.0,420.5,841.0,64.301,22.1,28.1,14.9,0.0,69,0.0,7.7,13.9,24.1,0.0,2014,2,12
2.991,3.456,231265,37.0,416.5,833.0,64.366,22.6,26.4,17.7,0.0,62,0.0,8.2,8.1,16.5,0.0,2014,2,13
2.995,3.611,178585,37.0,357.5,715.0,61.825,17.1,23.0,12.7,0.0,68,0.25,10.0,19.8,35.2,48.2,2014,2,16
3.356,3.601,203040,33.0,330.0,828.0,58.0,18.1,25.7,11.8,0.0,60,0.0,10.0,12.6,25.9,0.0,2014,2,17
2.97,3.703,212571,37.0,453.5,907.0,65.42,21.6,31.9,11.5,0.0,57,0.0,10.0,15.4,27.8,0.0,2014,2,18
3.812,3.585,211797,37.0,405.5,811.0,62.023,15.7,25.7,10.0,0.0,65,7.37,9.2,22.8,51.9,53.5,2014,2,19
3.092,3.561,217368,30.0,404.5,809.0,62.218,14.9,20.2,10.0,0.0,55,0.0,10.0,27.4,44.6,63.0,2014,2,20
3.129,3.519,186966,30.0,280.0,949.0,64.366,17.4,24.6,12.8,0.0,67,0.0,10.0,11.3,22.2,0.0,2014,2,23
2.721,3.39,233170,37.0,421.5,843.0,64.522,19.2,30.0,12.5,0.0,62,0.0,0.0,17.0,42.4,55.4,2014,2,24
2.994,3.478,240026,37.0,472.0,944.0,65.878,21.1,36.4,12.0,0.0,50,0.0,10.0,20.4,38.9,57.6,2014,2,25
2.977,3.564,221132,44.0,489.5,979.0,65.59,15.5,21.5,10.0,0.0,61,0.0,9.7,20.0,35.2,0.0,2014,2,26
3.146,3.67,189753,41.0,434.5,869.0,64.522,15.2,21.3,9.6,0.0,59,0.0,10.0,23.3,35.2,42.4,2014,2,27
3.17,3.563,248635,42.0,351.0,702.0,62.16,17.0,23.0,12.0,0.0,67,0.0,10.0,15.0,27.8,0.0,2014,3,2
3.177,3.569,226624,37.0,320.0,870.0,66.0,19.8,27.0,11.8,0.0,65,0.0,10.0,16.1,42.4,0.0,2014,3,3
3.175,3.441,208340,34.0,437.0,874.0,65.531,26.7,34.1,13.5,0.0,42,0.0,10.0,24.8,38.9,0.0,2014,3,4
3.182,3.505,217462,33.0,400.5,801.0,61.866,16.1,25.9,13.6,0.0,63,0.0,10.0,21.9,27.8,0.0,2014,3,5
3.595,3.521,232162,39.0,477.5,955.0,65.59,15.7,21.0,11.7,0.0,61,0.0,10.0,17.4,25.9,0.0,2014,3,6
3.044,3.571,213487,39.0,434.0,868.0,64.301,18.1,22.7,11.6,0.0,74,0.0,10.0,17.0,31.7,0.0,2014,3,7
3.033,3.448,227709,39.0,410.0,820.0,63.578,24.5,35.2,17.7,0.0,37,0.0,0.0,17.0,38.9,0.0,2014,3,10
3.156,3.599,249208,48.0,360.0,840.0,65.531,21.5,32.1,14.0,0.0,60,3.3,10.0,17.0,35.2,46.5,2014,3,11
3.155,3.349,228459,44.0,465.0,930.0,64.411,15.6,21.3,9.7,0.0,59,0.0,10.0,16.3,29.4,0.0,2014,3,12
3.145,3.31,230038,41.0,405.0,810.0,62.218,17.2,23.7,9.6,0.0,66,0.0,10.0,13.0,25.9,0.0,2014,3,13
3.158,3.499,199081,42.0,355.0,710.0,62.371,15.7,20.0,10.8,0.0,52,1.02,10.0,21.0,42.4,59.4,2014,3,16
3.151,3.476,201565,36.0,375.0,750.0,61.825,18.3,25.3,11.6,0.0,65,0.0,10.0,18.5,35.2,51.9,2014,3,17
3.157,3.402,239774,31.0,425.0,850.0,64.366,16.7,25.1,9.6,0.0,62,0.0,10.0,14.1,25.9,0.0,2014,3,18
3.158,3.36,222446,35.0,530.0,930.0,65.0,15.6,23.0,9.2,0.0,66,0.0,10.0,15.4,29.4,0.0,2014,3,19
3.021,3.4,219441,35.0,457.5,915.0,65.577,23.1,31.1,9.2,0.0,28,0.0,0.0,22.6,37.0,51.9,2014,3,20
2.482,3.451,230837,40.0,485.0,970.0,65.59,13.2,16.8,9.0,0.0,66,0.0,9.8,13.5,27.8,0.0,2014,3,23
3.063,3.426,236305,32.0,422.5,845.0,64.301,14.7,18.3,8.9,0.0,76,1.02,10.0,15.0,25.9,0.0,2014,3,24
3.077,3.427,233045,30.0,462.5,925.0,64.411,18.3,24.3,11.9,0.0,66,0.0,10.0,11.7,22.2,0.0,2014,3,25
2.735,3.444,244547,46.0,422.5,845.0,64.301,20.3,27.3,12.5,0.0,70,5.59,8.9,11.9,27.8,0.0,2014,3,26
2.972,3.431,233574,34.0,450.0,855.0,64.411,19.6,25.9,15.9,0.0,84,7.87,8.9,12.6,29.4,0.0,2014,3,27
2.997,3.516,246220,41.0,415.0,830.0,64.412,20.2,26.6,14.0,0.0,69,0.0,10.0,15.2,38.9,0.0,2014,3,30
3.003,3.568,267399,35.0,420.0,840.0,65.486,25.2,32.0,15.4,0.0,43,0.0,0.0,23.5,42.4,0.0,2014,3,31
3.004,3.652,289188,41.0,472.5,945.0,66.354,26.9,33.7,5.5,0.0,38,0.0,0.0,34.6,46.5,72.2,2014,4,1
2.936,3.444,241800,37.0,380.0,920.0,64.0,16.9,26.0,13.0,0.0,80,0.0,9.3,16.7,37.0,0.0,2014,4,2
2.97,3.416,257357,37.0,457.5,915.0,64.366,15.1,17.3,13.3,0.0,70,0.25,10.0,22.2,31.7,0.0,2014,4,3
2.97,3.191,254817,40.0,405.0,810.0,62.374,16.4,23.2,11.0,0.0,77,0.0,10.0,13.1,35.2,0.0,2014,4,6
2.993,3.592,265212,36.0,390.0,780.0,62.218,19.9,25.2,10.8,0.0,53,0.0,0.0,21.7,38.9,50.0,2014,4,7
3.008,3.432,264549,37.0,220.0,835.0,64.412,17.3,21.0,15.6,0.0,86,16.26,8.7,14.8,42.4,59.4,2014,4,8
2.905,3.38,310372,32.0,365.0,730.0,61.24,16.4,17.5,16.0,0.0,97,18.03,6.3,10.9,18.3,0.0,2014,4,9
3.009,3.468,330334,24.0,323.0,646.0,59.603,17.1,18.2,16.0,0.0,96,10.41,51.1,14.6,33.5,50.0,2014,4,10
3.0,3.432,288220,34.0,335.0,670.0,61.866,14.1,20.4,8.0,0.0,76,0.0,10.0,14.6,27.8,0.0,2014,4,13
4.799,5.071,300570,44.0,340.0,744.0,56.0,14.3,20.3,8.1,0.0,69,0.0,10.0,16.9,27.8,55.4,2014,4,14
3.041,3.621,272809,42.0,357.5,715.0,62.218,14.0,19.5,8.0,0.0,77,0.25,9.8,14.8,25.9,0.0,2014,4,15
3.615,3.494,295544,28.0,345.0,690.0,59.446,14.9,22.6,8.9,0.0,73,0.0,0.0,11.5,20.6,0.0,2014,4,16
3.042,3.495,214921,34.0,371.0,742.0,62.023,12.4,18.9,9.0,0.0,72,1.52,10.0,18.9,35.2,46.5,2014,4,18
3.618,3.483,244534,33.0,310.0,740.0,62.218,15.9,19.0,10.9,0.0,48,1.52,0.0,44.4,59.4,74.1,2014,4,21
3.012,3.492,241273,31.0,340.0,680.0,62.023,13.3,17.3,9.5,0.0,87,3.05,9.7,11.7,37.0,0.0,2014,4,22
3.004,3.417,226195,35.0,365.0,730.0,62.061,14.9,18.8,8.7,0.0,56,0.51,9.8,15.0,29.4,0.0,2014,4,23
3.016,3.575,197036,38.0,370.0,740.0,61.186,15.7,20.1,3.5,0.0,47,0.0,0.0,25.9,37.0,50.0,2014,4,25
2.996,3.411,200407,42.0,340.0,690.0,60.0,10.8,16.1,4.8,0.0,61,0.0,10.0,17.6,35.2,55.4,2014,4,27
3.27,3.401,221851,36.0,415.0,830.0,63.689,18.8,21.0,4.2,0.0,60,0.0,10.0,43.0,57.6,81.7,2014,4,28
2.977,3.376,254684,42.0,407.0,814.0,62.246,12.8,20.0,8.6,0.0,87,7.87,9.5,17.2,37.0,0.0,2014,4,29
3.109,3.39,210285,27.0,302.5,605.0,53.59,9.5,16.0,4.7,0.0,72,0.0,10.9,18.5,40.7,0.0,2014,4,30
3.109,3.367,271464,29.0,400.0,800.0,61.384,11.8,16.0,4.5,0.0,57,0.0,10.0,20.6,37.0,0.0,2014,5,1
3.118,3.322,201502,32.0,357.0,714.0,61.825,10.4,14.0,7.0,0.0,79,1.02,9.8,20.4,35.2,0.0,2014,5,4
3.117,3.537,260493,43.0,260.0,720.0,62.16,12.1,16.3,8.3,0.0,75,0.25,10.0,15.6,25.9,0.0,2014,5,5
3.123,3.478,284909,37.0,380.0,760.0,61.339,10.8,14.0,8.7,0.0,78,0.51,10.0,15.6,24.1,0.0,2014,5,6
3.138,3.339,305726,41.0,385.0,770.0,60.757,8.1,14.5,3.0,0.0,73,0.25,10.0,14.1,25.9,0.0,2014,5,7
3.217,3.37,285409,46.0,370.0,740.0,61.051,11.0,17.5,2.3,0.0,58,0.0,0.0,14.3,31.7,48.2,2014,5,8
3.124,3.393,242891,43.0,380.0,760.0,62.218,12.2,19.0,7.0,0.0,80,0.51,10.0,12.4,18.3,0.0,2014,5,11
3.109,3.435,244843,32.0,435.0,870.0,63.467,12.1,18.5,6.0,0.0,76,0.0,10.0,10.7,22.2,0.0,2014,5,12
3.909,4.357,261172,36.0,210.0,760.0,57.0,13.5,20.4,5.2,0.0,72,0.0,10.0,14.6,25.9,40.7,2014,5,13
3.162,3.565,269218,40.0,392.5,785.0,61.748,16.3,21.0,7.4,0.0,62,0.0,10.0,30.9,46.5,59.4,2014,5,14
3.156,3.48,300138,34.0,450.0,900.0,63.995,17.2,21.6,13.1,0.0,56,0.0,0.0,36.5,46.5,81.7,2014,5,15
3.16,3.926,294444,31.0,367.5,735.0,61.396,17.1,21.2,15.0,0.0,61,0.0,0.0,32.6,40.7,59.4,2014,5,18
2.971,3.575,299317,34.0,395.0,790.0,61.396,17.2,23.0,12.0,0.0,66,0.0,0.0,29.1,42.4,51.9,2014,5,19
2.969,3.621,295754,35.0,440.0,880.0,63.728,14.5,22.1,9.0,0.0,76,0.0,10.0,15.6,31.7,0.0,2014,5,20
3.512,3.475,288762,30.0,390.0,816.0,62.023,17.9,23.4,8.6,0.0,65,0.0,10.0,27.4,44.6,50.0,2014,5,21
2.806,3.325,304978,33.0,408.0,816.0,61.496,17.8,21.0,14.6,0.0,65,3.3,9.8,22.2,40.7,0.0,2014,5,22
2.771,3.098,277934,42.0,355.0,710.0,61.719,15.1,19.5,8.8,0.0,83,0.0,10.0,22.4,44.6,48.2,2014,5,25
2.733,3.049,271449,30.0,400.0,800.0,61.496,17.9,19.4,8.6,0.0,68,0.0,10.0,30.7,46.5,61.1,2014,5,26
2.996,3.363,269010,26.0,420.0,840.0,64.256,14.8,20.0,10.5,0.0,72,0.51,10.0,20.4,27.8,0.0,2014,5,27
3.003,3.424,255480,37.0,392.5,785.0,61.866,12.2,18.3,7.0,0.0,79,0.25,10.0,15.6,27.8,48.2,2014,5,28
3.02,3.371,259464,38.0,430.0,815.0,61.0,9.9,15.0,4.6,0.0,78,0.0,10.0,8.1,16.5,0.0,2014,5,29
2.996,3.427,244163,31.0,355.0,710.0,61.866,12.0,14.3,8.7,0.0,94,5.33,82.0,5.9,16.5,0.0,2014,6,1
3.012,3.431,263614,36.0,392.5,785.0,61.339,13.1,15.0,8.1,0.0,91,2.29,7.9,13.1,25.9,0.0,2014,6,2
3.015,3.502,261779,31.0,387.5,775.0,62.061,12.8,16.3,8.0,0.0,52,0.0,0.0,11.0,21.8,0.0,2014,6,3
3.0,3.52,194840,38.0,370.0,667.0,61.863,12.9,18.0,8.2,0.0,54,3.3,51.3,12.0,25.9,0.0,2014,6,4
3.025,3.569,284030,49.0,383.0,766.0,61.786,9.9,14.9,7.0,0.0,56,0.0,0.0,7.4,18.3,0.0,2014,6,5
3.028,2.807,299010,41.0,370.0,740.0,60.952,11.4,15.0,5.9,0.0,56,0.25,0.0,9.8,20.6,0.0,2014,6,6
3.03,4.139,244693,34.0,350.0,700.0,61.228,10.2,14.2,3.0,0.0,54,0.0,51.5,10.9,22.2,0.0,2014,6,9
3.186,3.472,239908,42.0,540.0,785.0,60.0,11.1,18.1,6.3,0.0,74,0.0,0.0,17.8,25.9,0.0,2014,6,10
3.001,3.386,269410,43.0,450.0,900.0,63.052,12.4,16.2,6.4,0.0,74,0.0,0.0,25.2,42.4,57.6,2014,6,11
3.558,3.726,280648,39.0,435.0,870.0,63.775,12.7,15.0,9.5,0.0,75,3.3,10.3,24.1,42.4,63.0,2014,6,12
2.975,3.593,250741,35.0,330.0,660.0,61.866,10.9,14.3,7.6,0.0,79,0.51,0.0,18.0,21.8,0.0,2014,6,15
3.751,4.333,256136,42.0,250.0,711.0,62.355,11.2,16.0,8.3,0.0,52,1.52,51.8,19.4,29.4,0.0,2014,6,16
4.515,4.521,260096,34.0,382.0,764.0,61.866,11.6,15.1,8.7,0.0,76,0.0,0.0,11.3,20.6,0.0,2014,6,17
3.341,3.605,273464,33.0,346.5,693.0,60.662,9.8,13.1,6.0,0.0,71,0.0,10.6,12.6,38.9,46.5,2014,6,18
3.014,3.543,270896,35.0,368.5,737.0,61.384,10.1,11.0,5.4,0.0,52,0.0,0.0,31.1,44.6,61.1,2014,6,19
3.219,3.42,262206,38.0,330.0,750.0,58.0,12.4,14.5,7.7,0.0,75,0.0,0.0,35.9,68.3,55.2,2014,6,22
3.167,3.689,299892,32.0,310.0,620.0,58.036,8.7,14.6,4.9,0.0,72,2.79,51.8,26.3,53.5,75.9,2014,6,23
3.011,3.553,297802,24.0,308.0,616.0,56.8,10.6,13.6,4.1,0.0,70,0.0,0.0,32.8,74.1,103.5,2014,6,24
3.122,3.386,303524,42.0,568.5,1137.0,68.183,12.7,15.3,7.7,0.0,66,0.25,0.0,29.1,44.6,66.5,2014,6,25
2.96,3.306,316848,43.0,360.0,720.0,60.786,11.8,15.0,6.7,0.0,66,0.0,0.0,27.4,51.9,70.6,2014,6,26
3.012,3.586,274982,39.0,367.5,735.0,60.981,7.5,11.7,5.0,0.0,52,5.59,512.0,22.8,35.2,51.9,2014,6,29
3.228,3.386,281415,33.0,360.0,774.0,60.758,9.7,12.3,4.8,0.0,50,0.51,51.8,19.8,33.5,0.0,2014,6,30
3.018,3.319,291995,44.0,347.5,695.0,61.533,11.1,12.0,7.4,0.0,75,0.0,10.0,16.9,25.9,0.0,2014,7,1
3.413,3.606,260039,40.0,367.5,735.0,61.541,10.6,15.8,5.5,0.0,68,0.0,10.0,20.4,42.4,0.0,2014,7,2
3.015,3.529,274374,39.0,380.5,761.0,61.541,8.7,12.0,5.4,0.0,82,0.0,10.0,35.9,53.5,63.0,2014,7,3
3.014,3.424,277587,35.0,290.0,580.0,55.946,9.2,13.2,3.9,0.0,86,0.25,10.9,16.7,31.7,0.0,2014,7,6
3.029,3.283,275868,36.0,367.0,734.0,60.662,10.4,15.3,3.1,0.0,74,0.0,10.0,33.0,50.0,68.3,2014,7,7
2.715,3.306,279933,33.0,410.0,737.0,50.0,10.9,13.6,7.9,0.0,67,0.0,10.0,43.5,68.3,85.2,2014,7,8
3.275,3.309,311573,37.0,255.0,510.0,57.99,7.7,12.2,4.8,0.0,84,8.13,9.5,18.3,40.7,0.0,2014,7,9
3.011,3.331,305095,49.0,250.0,500.0,58.526,8.9,13.5,4.2,0.0,80,0.0,10.0,26.1,38.9,55.4,2014,7,10
3.01,3.525,286865,39.0,277.0,554.0,58.616,11.1,13.0,3.2,0.0,67,0.0,10.0,17.2,22.2,0.0,2014,7,13
3.016,3.389,312907,40.0,307.5,615.0,58.617,9.2,12.4,6.6,0.0,72,0.0,10.0,16.5,37.0,0.0,2014,7,14
3.333,3.403,307497,39.0,300.0,600.0,58.616,10.0,11.6,6.8,0.0,78,0.51,10.0,22.6,38.9,57.6,2014,7,15
3.021,3.377,256799,31.0,250.0,586.0,54.63,10.4,13.8,7.0,0.0,73,0.0,10.0,27.0,38.9,57.6,2014,7,16
3.012,3.403,219150,38.0,337.5,675.0,60.991,7.2,11.8,4.5,0.0,70,3.81,10.0,27.2,57.6,0.0,2014,7,17
3.015,3.343,273029,37.0,372.5,745.0,61.033,7.6,12.8,4.0,0.0,87,0.0,10.0,8.3,18.3,0.0,2014,7,20
3.009,3.345,342539,31.0,382.5,765.0,60.406,7.3,13.4,3.0,0.0,86,0.25,6.9,8.9,14.8,0.0,2014,7,21
3.278,3.571,354523,40.0,370.0,740.0,60.629,5.0,10.1,0.0,0.0,97,0.0,4.7,7.8,14.8,0.0,2014,7,22
3.013,3.46,352130,40.0,420.0,840.0,62.257,8.6,12.4,-0.4,0.0,78,0.0,0.0,16.5,29.4,0.0,2014,7,23
2.988,3.535,339981,39.0,430.0,920.0,46.0,11.3,14.0,4.3,0.0,76,0.0,10.0,24.4,35.2,53.5,2014,7,24
3.003,3.438,366871,35.0,306.5,613.0,56.089,11.3,16.4,5.4,0.0,71,0.0,10.0,29.4,50.0,57.6,2014,7,27
3.17,3.44,315535,33.0,325.0,650.0,61.396,12.2,16.2,7.5,0.0,67,0.25,10.0,32.8,46.5,51.9,2014,7,28
3.326,3.484,292272,31.0,341.5,683.0,61.396,13.8,16.0,9.1,0.0,71,0.0,10.0,29.1,48.2,55.4,2014,7,29
3.03,3.431,300308,36.0,350.0,779.0,61.396,14.8,18.0,10.2,0.0,63,0.0,10.0,30.6,55.4,74.1,2014,7,30
3.264,3.492,315762,29.0,373.0,746.0,60.563,9.1,18.6,4.0,0.0,62,6.1,9.2,33.3,53.5,88.9,2014,7,31
3.053,3.467,230599,35.0,279.0,558.0,55.946,6.6,13.8,0.0,0.0,57,0.0,10.0,18.5,25.9,0.0,2014,8,3
1.606,3.28,322902,36.0,369.0,738.0,60.601,8.8,14.1,1.4,0.0,55,0.0,9.7,16.1,25.9,0.0,2014,8,4
3.354,3.175,323313,37.0,340.0,706.0,57.0,12.3,15.8,4.5,0.0,62,0.0,10.0,13.5,24.1,0.0,2014,8,5
3.097,3.613,319754,39.0,344.5,689.0,61.533,10.2,15.3,7.6,0.0,78,0.51,9.7,14.3,22.2,0.0,2014,8,6
3.049,3.486,325743,34.0,352.5,705.0,61.24,10.8,12.8,10.0,0.0,83,0.51,1.5,13.0,22.2,0.0,2014,8,7
3.048,3.347,285829,33.0,368.5,737.0,60.662,10.2,15.3,6.7,0.0,62,0.0,10.0,21.5,40.7,0.0,2014,8,8
3.219,3.416,306656,37.0,336.5,673.0,60.563,6.4,12.3,3.8,0.0,79,5.33,10.0,18.9,40.7,57.6,2014,8,10
3.025,3.326,326631,30.0,310.0,631.0,59.849,6.6,11.1,3.1,0.0,79,0.0,10.0,11.9,27.8,0.0,2014,8,11
3.371,4.007,362228,27.0,390.0,780.0,58.612,8.2,11.5,3.3,0.0,85,0.0,10.0,10.7,22.2,0.0,2014,8,12
3.737,4.389,346222,25.0,309.0,618.0,56.764,10.0,13.5,6.4,0.0,80,0.51,9.8,10.2,24.1,0.0,2014,8,13
4.558,4.834,219950,25.0,311.0,622.0,56.892,7.3,14.5,2.5,0.0,78,0.0,10.0,10.6,18.3,0.0,2014,8,14
3.576,4.076,330714,32.0,240.0,734.0,55.0,10.9,14.0,7.3,0.0,75,0.0,10.0,22.6,33.5,0.0,2014,8,17
3.399,3.648,349739,36.0,424.0,848.0,63.091,10.3,12.7,8.2,0.0,88,3.81,9.7,18.0,27.8,0.0,2014,8,18
3.352,3.577,323562,24.0,355.0,710.0,59.446,9.9,12.0,8.0,0.0,70,0.0,10.0,14.8,24.1,0.0,2014,8,19
3.32,3.687,318822,25.0,478.5,957.0,63.643,9.5,12.4,5.8,0.0,75,0.0,10.0,11.1,18.3,0.0,2014,8,20
3.025,3.53,341913,22.0,385.0,770.0,58.612,10.8,17.0,5.5,0.0,73,0.0,10.0,17.6,27.8,0.0,2014,8,21
3.052,3.261,341476,30.0,320.0,640.0,60.682,11.7,15.5,7.7,0.0,70,0.51,10.0,16.5,25.9,0.0,2014,8,24
3.048,3.574,333601,25.0,280.0,661.0,59.446,10.6,15.1,7.8,0.0,91,2.79,6.9,12.6,24.1,0.0,2014,8,25
3.041,3.455,305988,35.0,342.5,685.0,60.406,10.9,17.7,5.0,0.0,80,0.25,10.0,10.4,22.2,0.0,2014,8,26
3.207,3.443,304984,31.0,509.5,1019.0,63.643,10.1,19.0,2.7,0.0,76,0.0,8.0,8.0,18.3,0.0,2014,8,27
3.21,3.552,253707,38.0,400.0,800.0,61.033,11.3,20.3,2.3,0.0,70,0.0,5.5,7.2,18.3,0.0,2014,8,28
3.061,3.472,316189,33.0,335.0,670.0,61.591,16.2,21.0,9.9,0.0,49,0.0,0.0,37.0,51.9,74.1,2014,8,31
3.068,3.357,296212,22.0,387.5,775.0,59.446,9.7,15.9,7.0,0.0,84,8.89,9.7,16.5,27.8,0.0,2014,9,1
3.204,3.422,298283,42.0,400.0,680.0,56.0,8.6,13.8,4.9,0.0,76,1.52,10.0,20.9,38.9,53.5,2014,9,2
3.09,3.419,293375,36.0,343.5,687.0,60.505,7.7,13.1,2.0,0.0,74,0.0,10.0,11.7,22.2,0.0,2014,9,3
3.05,3.528,281730,36.0,412.5,825.0,61.033,9.1,14.6,1.7,0.0,78,0.0,10.0,11.7,22.2,0.0,2014,9,4
3.319,3.396,294510,35.0,345.0,690.0,60.857,13.6,19.8,4.7,0.0,56,0.0,10.0,22.6,50.0,63.0,2014,9,7
3.16,3.551,235658,42.0,452.5,905.0,63.931,17.2,21.2,8.2,0.0,50,0.0,10.0,46.9,64.8,92.4,2014,9,8
3.152,3.496,281629,35.0,625.0,1250.0,68.183,12.9,19.6,8.0,0.0,79,12.95,9.7,22.4,59.4,79.5,2014,9,9
3.149,3.664,240832,32.0,380.0,955.0,63.885,14.4,18.0,7.4,0.0,57,3.81,9.3,24.3,33.5,50.0,2014,9,10
3.251,3.537,282142,37.0,475.0,950.0,63.643,9.3,15.4,4.0,0.0,68,0.0,10.0,19.8,38.9,50.0,2014,9,11
3.256,3.828,264255,27.0,330.0,660.0,58.711,8.3,14.1,2.9,0.0,74,0.0,10.0,9.1,16.5,0.0,2014,9,14
3.604,4.176,287358,34.0,425.0,850.0,62.257,13.3,18.1,6.4,0.0,79,0.0,9.2,14.1,24.1,0.0,2014,9,15
3.908,4.724,295183,30.0,410.0,820.0,61.24,10.4,14.0,6.9,0.0,82,2.03,9.2,17.0,31.7,59.4,2014,9,16
4.202,4.355,322165,37.0,360.0,940.0,62.479,16.5,26.0,6.6,0.0,62,1.52,10.0,28.9,57.6,74.1,2014,10,6
3.768,4.26,331715,33.0,382.5,765.0,60.563,11.3,16.9,6.7,0.0,64,0.25,10.0,20.0,38.9,48.2,2014,10,7
3.459,3.998,310535,38.0,386.5,773.0,60.406,12.8,19.8,6.5,0.0,70,0.25,10.0,13.5,24.1,0.0,2014,10,8
3.897,3.674,299576,31.0,387.5,775.0,61.591,17.3,23.5,7.4,0.0,48,0.0,0.0,21.1,44.6,0.0,2014,10,9
3.003,3.686,257216,39.0,370.0,681.0,61.0,16.5,31.3,6.9,0.0,55,2.03,10.3,21.3,35.2,51.9,2014,10,12
3.179,3.769,266428,39.0,375.0,750.0,61.748,10.2,15.6,7.6,0.0,67,7.11,10.0,28.0,44.6,63.0,2014,10,13
3.271,3.605,263099,34.0,325.0,650.0,60.662,9.6,15.6,4.6,0.0,61,0.0,10.0,22.0,42.4,55.4,2014,10,14
3.322,3.992,252674,25.0,350.0,700.0,59.239,11.4,15.7,4.3,0.0,64,0.0,10.0,15.4,27.8,0.0,2014,10,15
3.331,3.759,237415,25.0,348.5,697.0,60.073,11.3,15.9,7.0,0.0,71,1.27,9.8,15.7,27.8,0.0,2014,10,16
3.591,4.062,244135,42.0,355.0,710.0,62.569,15.8,28.2,9.0,0.0,55,0.0,10.0,28.9,48.2,68.3,2014,10,19
3.728,3.533,242707,41.0,280.0,995.0,63.052,12.7,21.0,5.5,0.0,59,0.0,0.0,19.1,33.5,53.5,2014,10,20
3.093,4.072,259769,51.0,414.5,829.0,63.006,21.0,27.6,5.0,0.0,48,0.0,0.0,27.6,57.6,72.2,2014,10,21
3.531,3.915,245832,52.0,422.5,845.0,64.849,20.8,31.3,13.7,0.0,56,0.0,8.2,22.8,46.5,0.0,2014,10,22
3.483,3.595,248445,48.0,370.0,740.0,62.246,16.1,26.0,13.0,0.0,81,0.0,9.0,13.1,33.5,46.5,2014,10,23
3.357,3.661,283443,29.0,407.5,815.0,61.69,19.2,25.2,11.5,0.0,52,16.51,9.5,21.5,42.4,63.0,2014,10,26
3.33,3.583,305252,24.0,310.0,620.0,57.281,13.1,25.2,8.0,0.0,55,0.76,10.0,26.1,50.0,68.3,2014,10,27
3.267,3.59,287551,34.0,360.0,735.0,64.0,13.6,20.0,8.0,0.0,62,0.51,10.9,21.1,38.9,55.4,2014,10,28
3.039,3.516,169942,40.0,421.0,842.0,63.729,15.6,23.0,7.7,0.0,64,0.0,10.0,10.7,27.8,0.0,2014,10,29
3.939,4.498,263759,41.0,412.5,825.0,61.891,14.7,24.0,8.0,0.0,65,0.0,10.0,14.4,29.4,0.0,2014,10,30
4.378,4.414,272029,38.0,327.5,655.0,61.033,11.2,17.0,6.7,0.0,65,0.0,10.0,15.7,31.7,46.5,2014,11,2
3.455,3.638,272830,26.0,305.0,610.0,53.636,18.4,29.3,10.4,0.0,37,0.0,10.0,28.9,42.4,57.6,2014,11,4
3.398,3.709,245850,32.0,260.0,655.0,61.339,12.3,18.2,7.0,0.0,60,0.0,10.0,19.1,31.7,48.2,2014,11,5
3.057,3.809,283417,48.0,370.0,740.0,62.412,16.1,27.0,7.3,0.0,50,0.0,10.0,14.8,31.7,0.0,2014,11,6
3.43,3.639,221996,39.0,370.0,740.0,62.218,13.9,19.9,8.0,0.0,61,0.0,10.0,18.9,29.4,57.6,2014,11,9
3.313,3.472,257268,28.0,350.0,700.0,60.424,14.3,20.5,8.3,0.0,57,0.0,10.0,23.0,35.2,53.5,2014,11,10
3.115,3.475,277460,28.0,365.0,730.0,58.612,12.0,18.3,5.9,0.0,63,0.0,10.0,15.4,27.8,0.0,2014,11,11
3.752,4.458,241697,26.0,455.0,910.0,62.941,16.9,27.4,5.0,0.0,53,0.0,0.0,12.2,27.8,0.0,2014,11,12
3.746,3.868,250057,40.0,350.0,715.0,54.0,27.2,33.4,18.9,0.0,20,0.0,0.0,20.2,37.0,61.1,2014,11,13
3.438,3.814,265479,21.0,216.0,432.0,53.053,14.5,20.2,10.1,0.0,62,0.51,10.0,20.9,35.2,50.0,2014,11,16
3.4,3.75,224226,37.0,335.0,670.0,62.023,14.1,21.2,8.0,0.0,59,0.25,10.0,18.3,37.0,51.9,2014,11,17
2.529,3.749,250850,41.0,412.5,825.0,62.218,15.1,20.2,7.3,0.0,63,0.0,10.0,14.3,25.9,0.0,2014,11,18
3.542,3.938,249239,48.0,430.0,840.0,63.885,23.5,29.0,9.6,0.0,26,0.0,0.0,26.3,59.4,75.9,2014,11,19
3.827,4.17,266688,44.0,350.0,700.0,63.521,20.9,31.2,15.0,0.0,55,0.0,10.0,23.3,44.6,51.9,2014,11,20
3.62,3.992,116638,34.0,267.5,535.0,55.506,18.2,25.7,12.0,0.0,64,0.0,10.0,15.4,46.5,53.5,2014,11,23
3.994,4.05,254734,33.0,360.0,720.0,62.023,13.7,22.8,8.6,0.0,80,4.57,10.0,19.4,42.4,61.1,2014,11,24
3.846,3.889,261025,35.0,360.0,600.0,54.0,14.7,21.6,8.5,0.0,55,0.0,10.0,18.5,29.4,46.5,2014,11,25
3.216,3.628,269985,37.0,380.0,760.0,61.866,14.1,18.0,8.5,0.0,64,0.0,9.7,16.9,27.8,0.0,2014,11,26
3.366,3.788,278556,25.0,415.0,830.0,63.155,14.0,18.8,10.0,0.0,67,0.0,10.0,15.4,29.4,0.0,2014,11,27
3.644,3.852,270675,41.0,347.0,694.0,62.865,28.1,35.0,14.2,0.0,37,0.0,10.0,29.6,64.8,66.5,2014,11,30
3.424,3.745,263073,34.0,320.0,640.0,60.938,19.7,28.7,15.0,0.0,72,0.51,10.0,14.4,33.5,0.0,2014,12,1
3.489,3.759,254788,40.0,755.0,1510.0,68.183,19.1,27.2,14.7,0.0,68,0.0,10.0,14.6,29.4,0.0,2014,12,2
3.485,3.763,258868,50.0,472.5,945.0,64.477,18.6,23.2,15.2,0.0,84,10.92,8.4,15.2,29.4,0.0,2014,12,3
2.878,3.744,283142,42.0,290.0,775.0,61.533,20.5,26.0,16.0,0.0,74,0.25,9.8,17.8,25.9,0.0,2014,12,4
3.799,4.033,270596,22.0,380.5,761.0,59.446,15.2,17.3,13.2,0.0,88,0.76,9.0,15.6,27.8,0.0,2014,12,7
3.506,3.52,226507,28.0,340.0,680.0,59.545,16.2,20.1,13.9,0.0,72,0.0,10.0,17.2,25.9,0.0,2014,12,8
2.74,2.854,262896,30.0,420.0,840.0,63.136,15.5,21.5,10.9,1015.7,71,0.0,16.3,11.6,20.6,0.0,2014,12,9
3.779,4.215,249125,30.0,290.0,760.0,69.0,17.1,20.3,10.7,0.0,50,0.51,9.8,19.4,31.7,48.2,2014,12,10
3.861,4.326,271225,36.0,442.5,885.0,63.886,16.6,20.7,13.8,0.0,76,0.25,10.0,23.2,40.7,0.0,2014,12,11
3.747,3.932,203326,35.0,385.0,770.0,61.668,18.8,26.9,14.0,0.0,66,0.0,10.0,15.4,29.4,0.0,2014,12,14
3.688,3.939,235077,34.0,380.0,760.0,61.866,18.6,25.1,13.5,0.0,74,0.0,9.0,13.1,24.1,0.0,2014,12,15
3.238,3.635,270652,34.0,420.0,1130.0,67.315,18.4,33.6,8.7,0.0,35,0.0,10.0,28.3,64.8,85.2,2014,12,16
3.429,4.027,247302,34.0,533.5,1067.0,64.953,15.9,23.0,8.5,0.0,48,0.0,0.0,16.1,29.4,0.0,2014,12,17
4.893,5.121,229587,30.0,460.0,920.0,63.931,15.0,24.4,9.0,0.0,61,1.78,9.8,21.7,61.1,63.0,2014,12,18
3.598,4.028,271184,34.0,290.0,755.0,60.0,23.2,33.3,10.6,0.0,47,0.0,9.8,14.3,35.2,0.0,2014,12,21
3.418,3.735,266258,34.0,405.0,810.0,61.24,22.7,26.0,15.8,0.0,67,0.51,10.0,9.4,22.2,0.0,2014,12,22
3.257,3.552,257576,25.0,415.0,830.0,63.201,17.9,28.7,10.0,0.0,67,0.0,9.8,18.5,31.7,0.0,2014,12,23
3.269,4.05,246012,30.0,345.0,690.0,62.061,14.1,19.9,7.9,0.0,57,0.0,10.0,17.2,31.7,50.0,2014,12,26
3.06,3.744,222378,34.0,370.0,680.0,63.227,24.1,33.4,10.7,0.0,32,0.0,0.0,16.7,35.2,51.9,2014,12,28
3.848,3.984,186601,34.0,415.0,830.0,63.885,16.6,28.6,10.6,0.0,48,1.02,10.0,27.8,53.5,79.5,2014,12,29
3.492,3.835,200055,41.0,405.0,810.0,62.243,15.9,24.2,8.0,0.0,52,0.0,10.0,21.9,44.6,59.4,2014,12,30
3.499,3.793,219828,42.0,470.0,940.0,66.354,19.4,32.0,10.8,0.0,63,0.0,10.0,14.3,35.2,0.0,2015,1,1
3.546,4.045,214449,40.0,365.0,730.0,62.019,16.8,24.8,11.0,0.0,64,0.0,10.0,17.6,31.7,0.0,2015,1,4
3.863,4.326,221233,39.0,360.0,900.0,70.0,18.7,24.6,11.3,0.0,65,0.0,10.0,16.3,25.9,0.0,2015,1,5
4.137,4.487,271295,29.0,465.0,930.0,65.049,22.7,33.0,13.8,0.0,62,0.0,9.3,14.4,37.0,51.9,2015,1,6
3.689,4.051,310031,38.0,482.5,965.0,65.878,29.2,40.3,16.3,0.0,43,1.52,10.0,20.9,50.0,61.1,2015,1,7
1.795,3.704,259810,37.0,442.5,885.0,64.523,21.9,29.9,16.0,0.0,72,2.79,8.0,14.4,35.2,53.5,2015,1,8
3.044,4.3,184752,32.0,375.0,750.0,61.668,20.5,28.1,14.8,0.0,69,0.0,10.0,17.6,31.7,0.0,2015,1,11
2.809,4.459,185148,36.0,425.0,850.0,65.531,25.3,31.2,14.6,0.0,49,0.0,10.0,17.6,35.2,46.5,2015,1,12
3.634,3.719,287118,40.0,350.0,865.0,63.885,21.1,25.5,17.0,0.0,78,11.18,10.6,24.8,46.5,64.8,2015,1,13
3.026,3.651,292543,32.0,355.0,710.0,61.396,17.4,22.6,14.0,0.0,72,0.0,10.0,28.5,42.4,53.5,2015,1,14
3.095,3.713,266493,39.0,405.5,811.0,61.591,15.1,20.5,9.6,0.0,71,0.0,10.0,17.2,29.4,0.0,2015,1,15
3.035,3.402,203637,50.0,405.0,810.0,62.214,15.7,20.1,11.6,0.0,52,0.0,10.0,23.2,31.7,46.5,2015,1,18
3.327,3.527,226385,40.0,395.0,790.0,62.569,17.2,24.0,10.0,0.0,55,0.0,0.0,21.5,42.4,63.0,2015,1,19
3.213,2.713,251356,44.0,422.0,844.0,64.522,23.8,30.1,10.1,0.0,47,0.0,10.0,20.0,38.9,57.6,2015,1,20
3.38,4.108,258384,50.0,320.0,945.0,68.0,24.9,33.7,17.0,0.0,50,0.0,8.4,16.9,35.2,0.0,2015,1,21
4.411,5.017,236364,53.0,425.5,851.0,65.531,25.4,36.0,16.7,0.0,52,0.0,0.0,15.7,37.0,46.5,2015,1,22
4.127,4.055,234543,49.0,450.0,900.0,64.523,20.0,29.6,11.9,0.0,58,0.0,9.8,18.1,35.2,46.5,2015,1,24
4.035,4.2,236791,38.0,340.0,680.0,62.218,15.3,21.5,7.5,0.0,54,0.0,10.0,23.2,33.5,0.0,2015,1,26
3.056,3.916,269257,39.0,360.0,720.0,61.814,15.9,20.5,11.0,0.0,58,0.0,10.0,25.2,35.2,48.2,2015,1,27
4.1,5.32,268005,38.0,405.0,810.0,61.591,17.6,25.5,10.7,0.0,52,0.0,10.0,28.0,50.0,63.0,2015,1,28
5.985,4.579,202419,43.0,290.0,875.0,64.522,16.4,22.8,10.4,0.0,57,0.0,10.0,25.6,42.4,55.4,2015,1,29
2.146,3.882,184654,49.0,290.0,580.0,58.389,15.8,23.0,12.0,0.0,71,0.51,9.7,24.3,33.5,51.9,2015,1,31
4.605,4.563,223394,40.0,346.5,693.0,62.317,15.7,19.0,12.2,0.0,74,1.52,10.0,24.6,33.5,50.0,2015,2,1
4.75,6.509,210924,32.0,380.0,760.0,62.023,17.4,23.6,13.9,0.0,64,0.0,10.0,21.7,35.2,0.0,2015,2,2
5.969,6.553,241560,31.0,397.5,795.0,62.061,17.2,22.7,13.7,0.0,58,0.0,10.0,22.8,31.7,46.5,2015,2,3
5.969,6.302,247056,43.0,350.0,865.0,73.0,15.3,20.2,10.6,0.0,66,0.25,10.0,19.1,35.2,0.0,2015,2,4
6.361,7.9,235506,42.0,452.5,905.0,64.366,19.1,28.0,10.1,0.0,63,0.0,10.0,15.9,27.8,0.0,2015,2,5
4.879,4.666,246107,38.0,420.0,840.0,64.366,17.1,26.7,13.0,0.0,67,0.0,10.0,21.3,29.4,0.0,2015,2,8
4.272,4.533,242358,35.0,383.5,767.0,61.866,19.9,28.0,12.7,0.0,64,0.0,10.0,15.9,27.8,0.0,2015,2,9
3.71,4.105,224013,36.0,370.0,840.0,65.531,23.9,31.1,14.9,0.0,58,0.0,0.0,16.9,40.7,0.0,2015,2,10
3.658,4.028,228766,36.0,425.0,850.0,65.531,22.1,35.4,15.9,0.0,61,0.0,10.0,22.0,38.9,0.0,2015,2,11
4.355,4.672,252061,37.0,370.0,740.0,62.023,18.9,28.0,14.0,0.0,63,0.0,10.0,15.6,37.0,0.0,2015,2,12
4.082,3.767,265724,38.0,407.5,815.0,61.339,20.1,26.9,14.7,0.0,79,0.0,10.0,12.4,27.8,35.2,2015,2,14
3.082,3.859,264516,30.0,340.0,680.0,62.443,26.2,34.7,14.6,0.0,41,0.0,10.0,14.8,29.4,0.0,2015,2,15
3.894,4.117,249175,38.0,350.0,890.0,74.0,19.5,28.8,15.6,0.0,64,0.0,10.0,21.3,31.7,0.0,2015,2,16
3.758,3.917,251137,39.0,435.0,870.0,64.256,17.6,20.7,16.0,0.0,75,0.0,10.0,15.4,20.6,0.0,2015,2,17
3.744,3.799,242665,42.0,455.0,910.0,64.411,18.7,21.6,15.8,0.0,78,0.0,10.0,15.9,24.1,0.0,2015,2,18
3.037,3.801,234605,36.0,375.0,750.0,62.875,21.5,31.0,15.0,0.0,70,0.0,10.0,13.0,25.9,0.0,2015,2,19
4.186,4.223,252788,39.0,350.0,610.0,58.754,27.8,37.0,19.0,0.0,42,0.0,10.0,24.1,48.2,63.0,2015,2,22
3.418,3.737,256896,36.0,333.5,667.0,61.396,17.9,30.0,14.9,0.0,67,13.72,9.2,22.2,38.9,55.4,2015,2,23
3.428,4.257,243380,33.0,395.0,790.0,62.023,16.7,20.5,13.7,0.0,64,0.0,10.0,18.3,33.5,48.2,2015,2,24
3.729,4.16,209192,33.0,390.0,780.0,61.866,20.4,27.6,13.5,0.0,66,0.0,10.0,12.8,22.2,0.0,2015,2,25
3.419,3.883,252085,50.0,550.0,1100.0,68.82,19.0,25.3,13.9,0.0,72,0.0,10.0,13.5,24.1,0.0,2015,2,26
4.189,4.452,294669,36.0,335.0,670.0,61.396,15.0,21.6,9.0,0.0,70,0.0,10.0,18.3,33.5,0.0,2015,3,1
4.18,4.032,305444,37.0,360.0,610.0,56.0,18.5,24.1,8.7,0.0,59,0.0,10.0,10.6,16.5,0.0,2015,3,2
4.483,4.823,291851,40.0,395.0,790.0,61.591,17.3,23.0,13.0,0.0,67,0.0,10.0,12.4,22.2,0.0,2015,3,3
3.9,4.039,291310,46.0,350.0,700.0,61.885,17.8,25.0,9.0,0.0,51,0.25,9.7,22.8,42.4,63.0,2015,3,4
3.312,3.895,249632,41.0,415.0,830.0,64.522,15.4,20.3,9.2,0.0,49,0.0,10.0,25.7,38.9,55.4,2015,3,5
3.465,3.716,251624,43.0,465.0,930.0,64.523,16.4,20.8,12.0,0.0,80,1.02,10.0,17.6,37.0,51.9,2015,3,6
3.493,3.789,248311,39.0,330.0,660.0,62.317,18.1,24.4,12.2,0.0,60,0.0,10.0,15.6,33.5,46.5,2015,3,9
3.521,3.787,290098,36.0,540.0,1260.0,68.82,16.1,23.3,10.0,0.0,61,0.0,10.0,12.8,24.1,0.0,2015,3,10
3.519,3.61,277457,35.0,375.0,750.0,61.434,17.6,26.6,9.3,0.0,57,0.0,10.0,15.0,29.4,0.0,2015,3,11
3.536,3.835,278587,39.0,365.0,730.0,61.942,15.9,20.0,10.2,0.0,52,0.0,9.8,25.0,35.2,48.2,2015,3,12
2.961,3.605,294721,39.0,290.0,580.0,58.616,13.8,21.0,8.5,0.0,69,0.0,10.0,19.3,35.2,55.4,2015,3,15
3.173,3.717,286156,36.0,360.0,720.0,61.591,21.3,24.2,7.7,0.0,40,0.0,0.0,20.4,40.7,59.4,2015,3,16
3.599,3.532,268211,44.0,641.0,1282.0,68.82,21.4,27.0,14.7,0.0,48,1.27,9.0,29.1,53.5,64.8,2015,3,17
2.934,3.992,209680,44.0,360.0,860.0,62.0,20.2,26.0,14.6,0.0,62,0.0,10.0,20.7,57.6,74.1,2015,3,18
4.147,3.606,228052,42.0,415.0,830.0,65.531,19.8,33.0,10.0,0.0,52,0.0,10.0,28.9,61.1,79.5,2015,3,19
3.561,4.495,267762,43.0,380.0,760.0,62.441,23.2,28.0,8.2,0.0,38,0.0,10.0,28.0,44.6,63.0,2015,3,22
3.697,4.166,276968,44.0,440.0,880.0,64.477,18.0,27.0,11.9,0.0,58,0.0,10.0,23.9,40.7,59.4,2015,3,23
3.47,3.516,254816,36.0,850.0,1700.0,68.82,13.4,15.0,10.7,0.0,56,0.0,10.0,19.8,31.7,0.0,2015,3,24
2.946,3.578,288791,48.0,470.0,940.0,65.114,14.0,21.0,7.0,0.0,54,0.0,10.0,15.9,33.5,51.9,2015,3,25
2.962,3.68,293262,37.0,540.0,1027.0,65.114,14.5,19.0,6.9,0.0,51,0.0,10.0,29.6,44.6,61.1,2015,3,26
3.049,2.972,257723,43.0,380.0,760.0,61.451,16.0,24.0,6.6,0.0,58,0.0,0.0,13.1,24.1,0.0,2015,3,29
3.696,4.259,260068,35.0,350.0,855.0,58.0,16.1,24.0,8.4,0.0,64,0.0,10.0,12.0,27.8,0.0,2015,3,30
2.987,3.816,264152,34.0,420.0,970.0,64.477,19.8,27.0,9.2,0.0,50,0.0,0.0,18.1,44.6,59.4,2015,3,31
3.751,3.804,261656,49.0,570.0,1140.0,68.82,21.5,30.0,10.0,0.0,42,0.0,10.0,28.0,44.6,61.1,2015,4,1
3.266,3.687,199607,42.0,370.0,740.0,61.186,13.2,19.0,5.2,0.0,67,0.0,10.0,18.1,27.8,0.0,2015,4,3
3.147,3.608,203120,38.0,410.0,820.0,62.061,16.4,18.0,7.2,0.0,40,0.0,0.0,10.4,20.6,0.0,2015,4,6
2.698,3.47,235405,35.0,480.0,885.0,65.59,12.3,17.0,8.4,0.0,82,8.89,8.5,27.0,40.7,59.4,2015,4,7
2.977,2.679,266782,26.0,432.5,865.0,62.94,12.5,17.0,6.6,0.0,76,0.0,10.0,16.3,31.7,0.0,2015,4,8
3.418,4.126,263134,36.0,495.0,990.0,64.757,12.9,18.3,6.2,0.0,72,0.0,10.0,14.8,22.2,0.0,2015,4,9
3.267,3.522,283802,38.0,310.0,620.0,59.316,11.5,18.3,5.0,0.0,73,0.0,10.0,13.1,27.8,0.0,2015,4,12
3.231,3.635,290642,30.0,475.0,950.0,65.114,14.6,21.0,12.0,0.0,68,0.0,9.5,8.5,14.8,0.0,2015,4,13
2.963,3.603,307803,37.0,442.5,885.0,63.995,19.3,25.0,16.0,0.0,56,0.0,10.0,24.6,38.9,57.6,2015,4,14
2.972,3.445,328693,30.0,590.0,900.0,66.0,19.6,27.0,14.0,0.0,64,0.0,10.0,21.9,51.9,70.6,2015,4,15
3.364,3.901,324639,37.0,480.0,960.0,65.114,13.3,18.0,8.0,0.0,70,0.0,10.0,11.1,25.9,0.0,2015,4,16
3.018,4.054,226162,29.0,320.0,640.0,60.632,9.6,13.0,5.0,0.0,66,0.0,10.0,21.1,46.5,57.6,2015,4,19
3.789,3.732,281335,43.0,480.0,960.0,64.28,10.1,15.3,5.0,0.0,65,0.0,10.0,19.3,35.2,0.0,2015,4,20
3.418,3.37,349614,34.0,395.0,790.0,61.24,12.0,17.0,7.0,0.0,71,0.0,10.0,16.9,31.7,0.0,2015,4,21
3.93,6.605,222194,29.0,342.5,685.0,61.866,14.8,18.1,11.5,0.0,82,0.0,10.0,19.8,31.7,0.0,2015,4,22
5.774,9.622,299114,29.0,510.0,970.0,65.114,14.9,17.0,12.0,0.0,86,0.0,9.3,12.0,20.6,0.0,2015,4,23
3.277,4.007,346056,26.0,387.5,775.0,59.603,11.3,15.2,9.9,0.0,78,0.0,9.7,22.2,33.5,0.0,2015,4,26
4.23,3.846,309250,34.0,485.0,970.0,65.114,11.3,14.4,8.0,0.0,78,0.0,10.0,14.6,25.9,0.0,2015,4,27
2.91,3.144,317141,35.0,367.5,735.0,60.406,10.5,15.0,5.8,0.0,82,0.0,10.0,12.0,25.9,0.0,2015,4,28
4.702,5.906,259241,42.0,520.0,945.0,62.0,10.4,17.0,6.0,0.0,74,0.0,10.0,11.1,18.3,0.0,2015,4,29
4.401,4.079,300014,42.0,460.0,920.0,63.004,11.9,19.0,5.0,0.0,69,0.0,10.0,11.7,22.2,0.0,2015,4,30
3.844,4.465,322354,35.0,367.5,735.0,60.406,11.6,18.0,6.5,0.0,78,0.0,9.3,12.4,22.2,0.0,2015,5,3
4.272,5.115,316828,33.0,370.0,740.0,61.591,17.2,22.0,11.8,0.0,49,0.0,9.3,36.9,55.4,75.9,2015,5,4
4.468,4.126,278662,34.0,430.0,860.0,63.949,12.1,16.0,8.0,0.0,56,0.0,10.0,27.0,57.6,75.9,2015,5,5
3.571,3.874,262781,49.0,460.0,920.0,64.523,10.9,16.0,8.0,0.0,68,0.0,9.7,23.0,40.7,51.9,2015,5,6
3.659,3.822,275288,34.0,530.0,940.0,65.114,11.1,14.3,9.0,0.0,71,0.0,10.0,21.5,42.4,50.0,2015,5,7
3.572,4.096,329601,35.0,305.0,610.0,56.089,12.9,15.0,10.0,0.0,73,0.0,9.7,28.0,44.6,61.1,2015,5,10
3.535,3.935,307695,35.0,372.5,745.0,61.396,13.6,15.2,12.0,0.0,66,0.0,9.8,22.0,38.9,53.5,2015,5,11
3.566,4.077,351864,33.0,380.0,760.0,60.563,9.0,16.2,5.0,0.0,69,0.0,9.8,29.1,51.9,70.6,2015,5,12
3.434,4.018,361830,25.0,290.0,570.0,40.0,9.3,12.0,7.0,0.0,73,0.0,10.0,24.3,33.5,50.0,2015,5,13
3.396,3.711,341750,30.0,325.0,650.0,61.24,12.2,15.0,10.5,0.0,85,0.0,8.2,21.7,31.7,48.2,2015,5,14
4.316,5.744,374614,26.0,295.0,590.0,53.295,12.9,20.0,6.0,0.0,68,0.0,10.0,17.8,25.9,0.0,2015,5,17
3.429,3.224,359322,33.0,337.5,675.0,61.591,14.9,19.0,11.0,0.0,54,0.0,0.0,25.0,46.5,61.1,2015,5,18
4.392,4.919,263942,36.0,370.0,750.0,61.396,13.5,16.0,11.0,0.0,83,0.0,10.0,26.5,42.4,61.1,2015,5,19
3.505,3.748,361360,34.0,380.0,760.0,61.396,11.9,18.0,8.8,0.0,81,0.0,8.4,21.9,33.5,46.5,2015,5,20
